idx,name
1,demand
1,head
2,demand
2,head
3,demand
3,head
4,demand
4,head
5,demand
5,head
6,demand
6,head
7,demand
7,head
8,demand
8,head
9,demand
9,head
10,demand
10,head
11,demand
11,head
12,demand
12,head
13,demand
13,head
14,demand
14,head
15,demand
15,head
16,demand
16,head
17,demand
17,head
18,demand
18,head
19,demand
19,head
20,demand
20,head
21,demand
21,head
22,demand
22,head
23,demand
23,head
24,demand
24,head
25,demand
25,head
26,demand
26,head
27,demand
27,head
28,demand
28,head
29,demand
29,head
30,demand
30,head
31,demand
31,head
32,demand
32,head
33,demand
33,head
34,demand
34,head
35,demand
35,head
36,demand
36,head
37,demand
37,head
38,demand
38,head
39,demand
39,head
40,demand
40,head
41,demand
41,head
42,demand
42,head
43,demand
43,head
44,demand
44,head
45,demand
45,head
46,demand
46,head
47,demand
47,head
48,demand
48,head
49,demand
49,head
50,demand
50,head
51,demand
51,head
52,demand
52,head
53,demand
53,head
54,demand
54,head
55,demand
55,head
56,demand
56,head
57,demand
57,head
58,demand
58,head
59,demand
59,head
60,demand
60,head
61,demand
61,head
62,demand
62,head
63,demand
63,head
64,demand
64,head
65,demand
65,head
66,demand
66,head
67,demand
67,head
68,demand
68,head
69,demand
69,head
70,demand
70,head
71,demand
71,head
72,demand
72,head
73,demand
73,head
74,demand
74,head
75,demand
75,head
76,demand
76,head
77,demand
77,head
78,demand
78,head
79,demand
79,head
80,demand
80,head
81,demand
81,head
82,demand
82,head
83,demand
83,head
84,demand
84,head
85,demand
85,head
86,demand
86,head
87,demand
87,head
88,demand
88,head
89,demand
89,head
90,demand
90,head
91,demand
91,head
92,demand
92,head
93,demand
93,head
94,demand
94,head
95,demand
95,head
96,demand
96,head
97,demand
97,head
98,demand
98,head
99,demand
99,head
100,demand
100,head
101,demand
101,head
102,demand
102,head
103,demand
103,head
104,demand
104,head
105,demand
105,head
106,demand
106,head
107,demand
107,head
108,demand
108,head
109,demand
109,head
110,demand
110,head
111,demand
111,head
112,demand
112,head
113,demand
113,head
114,demand
114,head
115,demand
115,head
116,demand
116,head
117,demand
117,head
118,demand
118,head
119,demand
119,head
120,demand
120,head
121,demand
121,head
122,demand
122,head
123,demand
123,head
124,demand
124,head
125,demand
125,head
126,demand
126,head
127,demand
127,head
128,demand
128,head
129,demand
129,head
130,demand
130,head
131,demand
131,head
132,demand
132,head
133,demand
133,head
134,demand
134,head
135,demand
135,head
136,demand
136,head
137,demand
137,head
138,demand
138,head
139,demand
139,head
140,demand
140,head
141,demand
141,head
142,demand
142,head
143,demand
143,head
144,demand
144,head
145,demand
145,head
146,demand
146,head
147,demand
147,head
148,demand
148,head
149,demand
149,head
150,demand
150,head
151,demand
151,head
152,demand
152,head
153,demand
153,head
154,demand
154,head
155,demand
155,head
156,demand
156,head
157,demand
157,head
158,demand
158,head
159,demand
159,head
160,demand
160,head
161,demand
161,head
162,demand
162,head
163,demand
163,head
164,demand
164,head
165,demand
165,head
166,demand
166,head
167,demand
167,head
168,demand
168,head
169,demand
169,head
170,demand
170,head
171,demand
171,head
172,demand
172,head
173,demand
173,head
174,demand
174,head
175,demand
175,head
176,demand
176,head
177,demand
177,head
178,demand
178,head
179,demand
179,head
180,demand
180,head
181,demand
181,head
182,demand
182,head
183,demand
183,head
184,demand
184,head
185,demand
185,head
186,demand
186,head
187,demand
187,head
188,demand
188,head
189,demand
189,head
190,demand
190,head
191,demand
191,head
192,demand
192,head
193,demand
193,head
194,demand
194,head
195,demand
195,head
196,demand
196,head
197,demand
197,head
198,demand
198,head
199,demand
199,head
200,demand
200,head
201,demand
201,head
202,demand
202,head
203,demand
203,head
204,demand
204,head
205,demand
205,head
206,demand
206,head
207,demand
207,head
208,demand
208,head
209,demand
209,head
210,demand
210,head
211,demand
211,head
212,demand
212,head
213,demand
213,head
214,demand
214,head
215,demand
215,head
216,demand
216,head
217,demand
217,head
218,demand
218,head
219,demand
219,head
220,demand
220,head
221,demand
221,head
222,demand
222,head
223,demand
223,head
224,demand
224,head
225,demand
225,head
226,demand
226,head
227,demand
227,head
228,demand
228,head
229,demand
229,head
230,demand
230,head
231,demand
231,head
232,demand
232,head
233,demand
233,head
234,demand
234,head
235,demand
235,head
236,demand
236,head
237,demand
237,head
238,demand
238,head
239,demand
239,head
240,demand
240,head
241,demand
241,head
242,demand
242,head
243,demand
243,head
244,demand
244,head
245,demand
245,head
246,demand
246,head
247,demand
247,head
248,demand
248,head
249,demand
249,head
250,demand
250,head
251,demand
251,head
252,demand
252,head
253,demand
253,head
254,demand
254,head
255,demand
255,head
256,demand
256,head
257,demand
257,head
258,demand
258,head
259,demand
259,head
260,demand
260,head
261,demand
261,head
262,demand
262,head
263,demand
263,head
264,demand
264,head
265,demand
265,head
266,demand
266,head
267,demand
267,head
268,demand
268,head
269,demand
269,head
270,demand
270,head
271,demand
271,head
272,demand
272,head
273,demand
273,head
274,demand
274,head
275,demand
275,head
276,demand
276,head
277,demand
277,head
278,demand
278,head
279,demand
279,head
280,demand
280,head
281,demand
281,head
282,demand
282,head
283,demand
283,head
284,demand
284,head
285,demand
285,head
286,demand
286,head
287,demand
287,head
288,demand
288,head
289,demand
289,head
290,demand
290,head
291,demand
291,head
292,demand
292,head
293,demand
293,head
294,demand
294,head
295,demand
295,head
296,demand
296,head
297,demand
297,head
298,demand
298,head
299,demand
299,head
300,demand
300,head
301,demand
301,head
302,demand
302,head
303,demand
303,head
304,demand
304,head
305,demand
305,head
306,demand
306,head
307,demand
307,head
308,demand
308,head
309,demand
309,head
310,demand
310,head
311,demand
311,head
312,demand
312,head
313,demand
313,head
314,demand
314,head
315,demand
315,head
316,demand
316,head
317,demand
317,head
318,demand
318,head
319,demand
319,head
320,demand
320,head
321,demand
321,head
322,demand
322,head
323,demand
323,head
324,demand
324,head
325,demand
325,head
326,demand
326,head
327,demand
327,head
328,demand
328,head
329,demand
329,head
330,demand
330,head
331,demand
331,head
332,demand
332,head
333,demand
333,head
334,demand
334,head
335,demand
335,head
336,demand
336,head
337,demand
337,head
338,demand
338,head
339,demand
339,head
340,demand
340,head
341,demand
341,head
342,demand
342,head
343,demand
343,head
344,demand
344,head
345,demand
345,head
346,demand
346,head
347,demand
347,head
348,demand
348,head
349,demand
349,head
350,demand
350,head
351,demand
351,head
352,demand
352,head
353,demand
353,head
354,demand
354,head
355,demand
355,head
356,demand
356,head
357,demand
357,head
358,demand
358,head
359,demand
359,head
360,demand
360,head
361,demand
361,head
362,demand
362,head
363,demand
363,head
364,demand
364,head
365,demand
365,head
366,demand
366,head
367,demand
367,head
368,demand
368,head
369,demand
369,head
370,demand
370,head
371,demand
371,head
372,demand
372,head
373,demand
373,head
374,demand
374,head
375,demand
375,head
376,demand
376,head
377,demand
377,head
378,demand
378,head
379,demand
379,head
380,demand
380,head
381,demand
381,head
382,demand
382,head
383,demand
383,head
384,demand
384,head
385,demand
385,head
386,demand
386,head
387,demand
387,head
388,demand
388,head
389,demand
389,head
390,demand
390,head
391,demand
391,head
392,demand
392,head
393,demand
393,head
394,demand
394,head
395,demand
395,head
396,demand
396,head
397,demand
397,head
399,demand
399,head
400,demand
400,head
401,demand
401,head
402,demand
402,head
403,demand
403,head
404,demand
404,head
405,demand
405,head
406,demand
406,head
407,demand
407,head
408,demand
408,head
409,demand
409,head
410,demand
410,head
411,demand
411,head
412,demand
412,head
413,demand
413,head
414,demand
414,head
415,demand
415,head
416,demand
416,head
417,demand
417,head
418,demand
418,head
419,demand
419,head
420,demand
420,head
421,demand
421,head
422,demand
422,head
423,demand
423,head
424,demand
424,head
425,demand
425,head
426,demand
426,head
427,demand
427,head
428,demand
428,head
429,demand
429,head
430,demand
430,head
431,demand
431,head
432,demand
432,head
433,demand
433,head
434,demand
434,head
435,demand
435,head
436,demand
436,head
437,demand
437,head
438,demand
438,head
439,demand
439,head
440,demand
440,head
441,demand
441,head
442,demand
442,head
443,demand
443,head
444,demand
444,head
445,demand
445,head
446,demand
446,head
447,demand
447,head
448,demand
448,head
449,demand
449,head
450,demand
450,head
451,demand
451,head
452,demand
452,head
453,demand
453,head
454,demand
454,head
455,demand
455,head
456,demand
456,head
457,demand
457,head
458,demand
458,head
459,demand
459,head
460,demand
460,head
461,demand
461,head
462,demand
462,head
463,demand
463,head
464,demand
464,head
465,demand
465,head
466,demand
466,head
467,demand
467,head
468,demand
468,head
469,demand
469,head
470,demand
470,head
471,demand
471,head
472,demand
472,head
473,demand
473,head
474,demand
474,head
475,demand
475,head
476,demand
476,head
477,demand
477,head
478,demand
478,head
479,demand
479,head
480,demand
480,head
481,demand
481,head
482,demand
482,head
483,demand
483,head
484,demand
484,head
485,demand
485,head
486,demand
486,head
487,demand
487,head
488,demand
488,head
489,demand
489,head
490,demand
490,head
491,demand
491,head
492,demand
492,head
493,demand
493,head
494,demand
494,head
495,demand
495,head
496,demand
496,head
497,demand
497,head
498,demand
498,head
499,demand
499,head
500,demand
500,head
501,demand
501,head
502,demand
502,head
503,demand
503,head
504,demand
504,head
505,demand
505,head
506,demand
506,head
507,demand
507,head
508,demand
508,head
509,demand
509,head
510,demand
510,head
511,demand
511,head
512,demand
512,head
513,demand
513,head
514,demand
514,head
515,demand
515,head
516,demand
516,head
517,demand
517,head
518,demand
518,head
519,demand
519,head
520,demand
520,head
521,demand
521,head
522,demand
522,head
523,demand
523,head
524,demand
524,head
525,demand
525,head
526,demand
526,head
527,demand
527,head
528,demand
528,head
529,demand
529,head
531,demand
531,head
532,demand
532,head
533,demand
533,head
534,demand
534,head
535,demand
535,head
536,demand
536,head
537,demand
537,head
538,demand
538,head
539,demand
539,head
540,demand
540,head
541,demand
541,head
542,demand
542,head
543,demand
543,head
544,demand
544,head
545,demand
545,head
546,demand
546,head
547,demand
547,head
548,demand
548,head
549,demand
549,head
550,demand
550,head
551,demand
551,head
552,demand
552,head
553,demand
553,head
554,demand
554,head
555,demand
555,head
556,demand
556,head
557,demand
557,head
558,demand
558,head
559,demand
559,head
560,demand
560,head
561,demand
561,head
562,demand
562,head
563,demand
563,head
564,demand
564,head
565,demand
565,head
566,demand
566,head
567,demand
567,head
568,demand
568,head
569,demand
569,head
570,demand
570,head
571,demand
571,head
572,demand
572,head
573,demand
573,head
574,demand
574,head
575,demand
575,head
576,demand
576,head
577,demand
577,head
578,demand
578,head
579,demand
579,head
580,demand
580,head
581,demand
581,head
582,demand
582,head
583,demand
583,head
584,demand
584,head
585,demand
585,head
586,demand
586,head
587,demand
587,head
588,demand
588,head
589,demand
589,head
590,demand
590,head
591,demand
591,head
592,demand
592,head
593,demand
593,head
594,demand
594,head
596,demand
596,head
597,demand
597,head
598,demand
598,head
599,demand
599,head
600,demand
600,head
601,demand
601,head
602,demand
602,head
603,demand
603,head
604,demand
604,head
605,demand
605,head
606,demand
606,head
607,demand
607,head
608,demand
608,head
609,demand
609,head
610,demand
610,head
611,demand
611,head
612,demand
612,head
613,demand
613,head
614,demand
614,head
615,demand
615,head
616,demand
616,head
617,demand
617,head
618,demand
618,head
619,demand
619,head
620,demand
620,head
621,demand
621,head
622,demand
622,head
623,demand
623,head
624,demand
624,head
625,demand
625,head
626,demand
626,head
627,demand
627,head
628,demand
628,head
629,demand
629,head
630,demand
630,head
631,demand
631,head
632,demand
632,head
633,demand
633,head
634,demand
634,head
635,demand
635,head
636,demand
636,head
637,demand
637,head
638,demand
638,head
639,demand
639,head
640,demand
640,head
641,demand
641,head
642,demand
642,head
643,demand
643,head
644,demand
644,head
645,demand
645,head
646,demand
646,head
647,demand
647,head
648,demand
648,head
649,demand
649,head
650,demand
650,head
651,demand
651,head
652,demand
652,head
653,demand
653,head
654,demand
654,head
655,demand
655,head
656,demand
656,head
657,demand
657,head
658,demand
658,head
659,demand
659,head
660,demand
660,head
661,demand
661,head
662,demand
662,head
663,demand
663,head
664,demand
664,head
665,demand
665,head
666,demand
666,head
667,demand
667,head
668,demand
668,head
669,demand
669,head
670,demand
670,head
671,demand
671,head
672,demand
672,head
673,demand
673,head
674,demand
674,head
675,demand
675,head
676,demand
676,head
677,demand
677,head
678,demand
678,head
679,demand
679,head
680,demand
680,head
681,demand
681,head
682,demand
682,head
683,demand
683,head
684,demand
684,head
685,demand
685,head
686,demand
686,head
687,demand
687,head
688,demand
688,head
689,demand
689,head
690,demand
690,head
691,demand
691,head
692,demand
692,head
693,demand
693,head
694,demand
694,head
695,demand
695,head
696,demand
696,head
697,demand
697,head
698,demand
698,head
699,demand
699,head
700,demand
700,head
701,demand
701,head
702,demand
702,head
703,demand
703,head
704,demand
704,head
705,demand
705,head
706,demand
706,head
707,demand
707,head
708,demand
708,head
709,demand
709,head
710,demand
710,head
711,demand
711,head
712,demand
712,head
713,demand
713,head
714,demand
714,head
715,demand
715,head
716,demand
716,head
717,demand
717,head
718,demand
718,head
719,demand
719,head
720,demand
720,head
721,demand
721,head
722,demand
722,head
723,demand
723,head
724,demand
724,head
725,demand
725,head
726,demand
726,head
727,demand
727,head
728,demand
728,head
729,demand
729,head
730,demand
730,head
731,demand
731,head
732,demand
732,head
733,demand
733,head
734,demand
734,head
735,demand
735,head
736,demand
736,head
737,demand
737,head
738,demand
738,head
739,demand
739,head
740,demand
740,head
741,demand
741,head
742,demand
742,head
743,demand
743,head
744,demand
744,head
745,demand
745,head
746,demand
746,head
747,demand
747,head
748,demand
748,head
749,demand
749,head
750,demand
750,head
751,demand
751,head
752,demand
752,head
753,demand
753,head
754,demand
754,head
755,demand
755,head
756,demand
756,head
757,demand
757,head
758,demand
758,head
759,demand
759,head
760,demand
760,head
761,demand
761,head
762,demand
762,head
763,demand
763,head
764,demand
764,head
765,demand
765,head
766,demand
766,head
767,demand
767,head
768,demand
768,head
769,demand
769,head
770,demand
770,head
771,demand
771,head
772,demand
772,head
773,demand
773,head
774,demand
774,head
775,demand
775,head
776,demand
776,head
777,demand
777,head
778,demand
778,head
779,demand
779,head
780,demand
780,head
781,demand
781,head
782,demand
782,head
783,demand
783,head
784,demand
784,head
785,demand
785,head
786,demand
786,head
787,demand
787,head
788,demand
788,head
789,demand
789,head
790,demand
790,head
791,demand
791,head
792,demand
792,head
793,demand
793,head
794,demand
794,head
795,demand
795,head
796,demand
796,head
797,demand
797,head
798,demand
798,head
799,demand
799,head
800,demand
800,head
801,demand
801,head
802,demand
802,head
803,demand
803,head
804,demand
804,head
805,demand
805,head
806,demand
806,head
807,demand
807,head
808,demand
808,head
809,demand
809,head
810,demand
810,head
811,demand
811,head
812,demand
812,head
813,demand
813,head
814,demand
814,head
815,demand
815,head
816,demand
816,head
817,demand
817,head
818,demand
818,head
819,demand
819,head
820,demand
820,head
821,demand
821,head
822,demand
822,head
823,demand
823,head
824,demand
824,head
825,demand
825,head
826,demand
826,head
827,demand
827,head
828,demand
828,head
829,demand
829,head
830,demand
830,head
831,demand
831,head
832,demand
832,head
833,demand
833,head
834,demand
834,head
835,demand
835,head
836,demand
836,head
837,demand
837,head
838,demand
838,head
839,demand
839,head
840,demand
840,head
841,demand
841,head
842,demand
842,head
843,demand
843,head
844,demand
844,head
845,demand
845,head
846,demand
846,head
847,demand
847,head
848,demand
848,head
849,demand
849,head
850,demand
850,head
851,demand
851,head
852,demand
852,head
853,demand
853,head
854,demand
854,head
855,demand
855,head
856,demand
856,head
857,demand
857,head
858,demand
858,head
859,demand
859,head
860,demand
860,head
861,demand
861,head
862,demand
862,head
863,demand
863,head
864,demand
864,head
865,demand
865,head
866,demand
866,head
867,demand
867,head
868,demand
868,head
869,demand
869,head
870,demand
870,head
871,demand
871,head
872,demand
872,head
873,demand
873,head
874,demand
874,head
875,demand
875,head
876,demand
876,head
877,demand
877,head
878,demand
878,head
879,demand
879,head
880,demand
880,head
881,demand
881,head
882,demand
882,head
883,demand
883,head
884,demand
884,head
885,demand
885,head
886,demand
886,head
887,demand
887,head
888,demand
888,head
889,demand
889,head
890,demand
890,head
891,demand
891,head
892,demand
892,head
893,demand
893,head
894,demand
894,head
895,demand
895,head
896,demand
896,head
897,demand
897,head
898,demand
898,head
899,demand
899,head
900,demand
900,head
901,demand
901,head
902,demand
902,head
903,demand
903,head
904,demand
904,head
905,demand
905,head
906,demand
906,head
907,demand
907,head
908,demand
908,head
909,demand
909,head
910,demand
910,head
911,demand
911,head
912,demand
912,head
913,demand
913,head
914,demand
914,head
915,demand
915,head
916,demand
916,head
917,demand
917,head
918,demand
918,head
919,demand
919,head
920,demand
920,head
921,demand
921,head
922,demand
922,head
923,demand
923,head
924,demand
924,head
925,demand
925,head
926,demand
926,head
927,demand
927,head
928,demand
928,head
929,demand
929,head
930,demand
930,head
931,demand
931,head
932,demand
932,head
933,demand
933,head
934,demand
934,head
935,demand
935,head
936,demand
936,head
937,demand
937,head
938,demand
938,head
939,demand
939,head
940,demand
940,head
941,demand
941,head
942,demand
942,head
943,demand
943,head
944,demand
944,head
945,demand
945,head
946,demand
946,head
947,demand
947,head
948,demand
948,head
949,demand
949,head
950,demand
950,head
951,demand
951,head
952,demand
952,head
953,demand
953,head
954,demand
954,head
955,demand
955,head
956,demand
956,head
957,demand
957,head
958,demand
958,head
959,demand
959,head
960,demand
960,head
961,demand
961,head
962,demand
962,head
963,demand
963,head
964,demand
964,head
965,demand
965,head
966,demand
966,head
967,demand
967,head
968,demand
968,head
969,demand
969,head
970,demand
970,head
971,demand
971,head
972,demand
972,head
973,demand
973,head
974,demand
974,head
975,demand
975,head
976,demand
976,head
977,demand
977,head
978,demand
978,head
979,demand
979,head
980,demand
980,head
981,demand
981,head
982,demand
982,head
983,demand
983,head
984,demand
984,head
985,demand
985,head
986,demand
986,head
987,demand
987,head
988,demand
988,head
989,demand
989,head
990,demand
990,head
991,demand
991,head
992,demand
992,head
993,demand
993,head
994,demand
994,head
995,demand
995,head
996,demand
996,head
997,demand
997,head
998,demand
998,head
999,demand
999,head
1000,demand
1000,head
1001,demand
1001,head
1002,demand
1002,head
1003,demand
1003,head
1004,demand
1004,head
1005,demand
1005,head
1006,demand
1006,head
1007,demand
1007,head
1008,demand
1008,head
1009,demand
1009,head
1010,demand
1010,head
1011,demand
1011,head
1012,demand
1012,head
1013,demand
1013,head
1014,demand
1014,head
1015,demand
1015,head
1016,demand
1016,head
1017,demand
1017,head
1018,demand
1018,head
1019,demand
1019,head
1020,demand
1020,head
1021,demand
1021,head
1022,demand
1022,head
1023,demand
1023,head
1024,demand
1024,head
1025,demand
1025,head
1026,demand
1026,head
1027,demand
1027,head
1028,demand
1028,head
1029,demand
1029,head
1030,demand
1030,head
1031,demand
1031,head
1032,demand
1032,head
1033,demand
1033,head
1034,demand
1034,head
1035,demand
1035,head
1036,demand
1036,head
1037,demand
1037,head
1038,demand
1038,head
1039,demand
1039,head
1040,demand
1040,head
1041,demand
1041,head
1042,demand
1042,head
1043,demand
1043,head
1044,demand
1044,head
1045,demand
1045,head
1046,demand
1046,head
1047,demand
1047,head
1048,demand
1048,head
1049,demand
1049,head
1050,demand
1050,head
1051,demand
1051,head
1052,demand
1052,head
1053,demand
1053,head
1054,demand
1054,head
1055,demand
1055,head
1056,demand
1056,head
1057,demand
1057,head
1058,demand
1058,head
1059,demand
1059,head
1060,demand
1060,head
1061,demand
1061,head
1062,demand
1062,head
1063,demand
1063,head
1064,demand
1064,head
1065,demand
1065,head
1066,demand
1066,head
1067,demand
1067,head
1068,demand
1068,head
1069,demand
1069,head
1070,demand
1070,head
1071,demand
1071,head
1072,demand
1072,head
1073,demand
1073,head
1074,demand
1074,head
1075,demand
1075,head
1076,demand
1076,head
1077,demand
1077,head
1078,demand
1078,head
1079,demand
1079,head
1080,demand
1080,head
1081,demand
1081,head
1082,demand
1082,head
1083,demand
1083,head
1084,demand
1084,head
1085,demand
1085,head
1086,demand
1086,head
1087,demand
1087,head
1088,demand
1088,head
1089,demand
1089,head
1090,demand
1090,head
1091,demand
1091,head
1092,demand
1092,head
1093,demand
1093,head
1094,demand
1094,head
1095,demand
1095,head
1096,demand
1096,head
1097,demand
1097,head
1098,demand
1098,head
1099,demand
1099,head
1100,demand
1100,head
1101,demand
1101,head
1102,demand
1102,head
1103,demand
1103,head
1104,demand
1104,head
1105,demand
1105,head
1106,demand
1106,head
1107,demand
1107,head
1108,demand
1108,head
1109,demand
1109,head
1110,demand
1110,head
1111,demand
1111,head
1112,demand
1112,head
1113,demand
1113,head
1114,demand
1114,head
1115,demand
1115,head
1116,demand
1116,head
1117,demand
1117,head
1118,demand
1118,head
1119,demand
1119,head
1120,demand
1120,head
1121,demand
1121,head
1122,demand
1122,head
1123,demand
1123,head
1124,demand
1124,head
1125,demand
1125,head
1126,demand
1126,head
1127,demand
1127,head
1128,demand
1128,head
1129,demand
1129,head
1130,demand
1130,head
1131,demand
1131,head
1132,demand
1132,head
1133,demand
1133,head
1134,demand
1134,head
1135,demand
1135,head
1136,demand
1136,head
1137,demand
1137,head
1138,demand
1138,head
1139,demand
1139,head
1140,demand
1140,head
1141,demand
1141,head
1142,demand
1142,head
1143,demand
1143,head
1144,demand
1144,head
1145,demand
1145,head
1146,demand
1146,head
1147,demand
1147,head
1148,demand
1148,head
1149,demand
1149,head
1150,demand
1150,head
1151,demand
1151,head
1152,demand
1152,head
1153,demand
1153,head
1154,demand
1154,head
1155,demand
1155,head
1156,demand
1156,head
1157,demand
1157,head
1158,demand
1158,head
1159,demand
1159,head
1160,demand
1160,head
1161,demand
1161,head
1162,demand
1162,head
1163,demand
1163,head
1164,demand
1164,head
1165,demand
1165,head
1166,demand
1166,head
1167,demand
1167,head
1168,demand
1168,head
1169,demand
1169,head
1170,demand
1170,head
1171,demand
1171,head
1172,demand
1172,head
1173,demand
1173,head
1174,demand
1174,head
1175,demand
1175,head
1176,demand
1176,head
1177,demand
1177,head
1178,demand
1178,head
1179,demand
1179,head
1180,demand
1180,head
1181,demand
1181,head
1182,demand
1182,head
1183,demand
1183,head
1184,demand
1184,head
1185,demand
1185,head
1186,demand
1186,head
1187,demand
1187,head
1188,demand
1188,head
1189,demand
1189,head
1190,demand
1190,head
1191,demand
1191,head
1192,demand
1192,head
1193,demand
1193,head
1194,demand
1194,head
1195,demand
1195,head
1196,demand
1196,head
1197,demand
1197,head
1198,demand
1198,head
1199,demand
1199,head
1200,demand
1200,head
1201,demand
1201,head
1202,demand
1202,head
1203,demand
1203,head
1204,demand
1204,head
1205,demand
1205,head
1206,demand
1206,head
1207,demand
1207,head
1208,demand
1208,head
1209,demand
1209,head
1210,demand
1210,head
1211,demand
1211,head
1212,demand
1212,head
1213,demand
1213,head
1214,demand
1214,head
1215,demand
1215,head
1216,demand
1216,head
1217,demand
1217,head
1218,demand
1218,head
1219,demand
1219,head
1220,demand
1220,head
1221,demand
1221,head
1222,demand
1222,head
1223,demand
1223,head
1224,demand
1224,head
1225,demand
1225,head
1226,demand
1226,head
1227,demand
1227,head
1228,demand
1228,head
1229,demand
1229,head
1230,demand
1230,head
1231,demand
1231,head
1232,demand
1232,head
1233,demand
1233,head
1234,demand
1234,head
1235,demand
1235,head
1236,demand
1236,head
1237,demand
1237,head
1238,demand
1238,head
1239,demand
1239,head
1240,demand
1240,head
1241,demand
1241,head
1242,demand
1242,head
1243,demand
1243,head
1244,demand
1244,head
1245,demand
1245,head
1246,demand
1246,head
1247,demand
1247,head
1248,demand
1248,head
1249,demand
1249,head
1250,demand
1250,head
1251,demand
1251,head
1252,demand
1252,head
1253,demand
1253,head
1254,demand
1254,head
1255,demand
1255,head
1256,demand
1256,head
1257,demand
1257,head
1258,demand
1258,head
1259,demand
1259,head
1260,demand
1260,head
1261,demand
1261,head
1262,demand
1262,head
1263,demand
1263,head
1264,demand
1264,head
1265,demand
1265,head
1266,demand
1266,head
1267,demand
1267,head
1268,demand
1268,head
1269,demand
1269,head
1270,demand
1270,head
1271,demand
1271,head
1272,demand
1272,head
1273,demand
1273,head
1274,demand
1274,head
1275,demand
1275,head
1276,demand
1276,head
1277,demand
1277,head
1278,demand
1278,head
1279,demand
1279,head
1280,demand
1280,head
1281,demand
1281,head
1282,demand
1282,head
1283,demand
1283,head
1284,demand
1284,head
1285,demand
1285,head
1286,demand
1286,head
1287,demand
1287,head
1288,demand
1288,head
1289,demand
1289,head
1290,demand
1290,head
1291,demand
1291,head
1292,demand
1292,head
1293,demand
1293,head
1294,demand
1294,head
1295,demand
1295,head
1296,demand
1296,head
1297,demand
1297,head
1298,demand
1298,head
1299,demand
1299,head
1300,demand
1300,head
1301,demand
1301,head
1302,demand
1302,head
1303,demand
1303,head
1304,demand
1304,head
1305,demand
1305,head
1306,demand
1306,head
1307,demand
1307,head
1308,demand
1308,head
1309,demand
1309,head
1310,demand
1310,head
1311,demand
1311,head
1312,demand
1312,head
1313,demand
1313,head
1314,demand
1314,head
1315,demand
1315,head
1316,demand
1316,head
1317,demand
1317,head
1318,demand
1318,head
1319,demand
1319,head
1320,demand
1320,head
1321,demand
1321,head
1322,demand
1322,head
1323,demand
1323,head
1324,demand
1324,head
1325,demand
1325,head
1327,demand
1327,head
1328,demand
1328,head
1329,demand
1329,head
1330,demand
1330,head
1331,demand
1331,head
1332,demand
1332,head
1333,demand
1333,head
1334,demand
1334,head
1335,demand
1335,head
1336,demand
1336,head
1337,demand
1337,head
1338,demand
1338,head
1339,demand
1339,head
1340,demand
1340,head
1341,demand
1341,head
1342,demand
1342,head
1343,demand
1343,head
1344,demand
1344,head
1345,demand
1345,head
1346,demand
1346,head
1347,demand
1347,head
1348,demand
1348,head
1349,demand
1349,head
1350,demand
1350,head
1351,demand
1351,head
1352,demand
1352,head
1353,demand
1353,head
1354,demand
1354,head
1355,demand
1355,head
1356,demand
1356,head
1357,demand
1357,head
1358,demand
1358,head
1359,demand
1359,head
1360,demand
1360,head
1361,demand
1361,head
1362,demand
1362,head
1363,demand
1363,head
1364,demand
1364,head
1365,demand
1365,head
1366,demand
1366,head
1367,demand
1367,head
1368,demand
1368,head
1369,demand
1369,head
1370,demand
1370,head
1371,demand
1371,head
1372,demand
1372,head
1373,demand
1373,head
1374,demand
1374,head
1375,demand
1375,head
1376,demand
1376,head
1377,demand
1377,head
1378,demand
1378,head
1379,demand
1379,head
1380,demand
1380,head
1381,demand
1381,head
1382,demand
1382,head
1383,demand
1383,head
1384,demand
1384,head
1385,demand
1385,head
1386,demand
1386,head
1387,demand
1387,head
1388,demand
1388,head
1389,demand
1389,head
1390,demand
1390,head
1391,demand
1391,head
1392,demand
1392,head
1393,demand
1393,head
1394,demand
1394,head
1395,demand
1395,head
1396,demand
1396,head
1397,demand
1397,head
1398,demand
1398,head
1399,demand
1399,head
1400,demand
1400,head
1401,demand
1401,head
1402,demand
1402,head
1403,demand
1403,head
1404,demand
1404,head
1405,demand
1405,head
1406,demand
1406,head
1407,demand
1407,head
1408,demand
1408,head
1409,demand
1409,head
1410,demand
1410,head
1411,demand
1411,head
1412,demand
1412,head
1413,demand
1413,head
1414,demand
1414,head
1415,demand
1415,head
1416,demand
1416,head
1417,demand
1417,head
1418,demand
1418,head
1419,demand
1419,head
1420,demand
1420,head
1421,demand
1421,head
1422,demand
1422,head
1423,demand
1423,head
1424,demand
1424,head
1425,demand
1425,head
1426,demand
1426,head
1427,demand
1427,head
1428,demand
1428,head
1429,demand
1429,head
1430,demand
1430,head
1431,demand
1431,head
1432,demand
1432,head
1433,demand
1433,head
1434,demand
1434,head
1435,demand
1435,head
1436,demand
1436,head
1437,demand
1437,head
1438,demand
1438,head
1439,demand
1439,head
1440,demand
1440,head
1441,demand
1441,head
1442,demand
1442,head
1443,demand
1443,head
1444,demand
1444,head
1445,demand
1445,head
1446,demand
1446,head
1447,demand
1447,head
1448,demand
1448,head
1449,demand
1449,head
1450,demand
1450,head
1451,demand
1451,head
1452,demand
1452,head
1453,demand
1453,head
1454,demand
1454,head
1455,demand
1455,head
1456,demand
1456,head
1457,demand
1457,head
1458,demand
1458,head
1459,demand
1459,head
1460,demand
1460,head
1461,demand
1461,head
1462,demand
1462,head
1463,demand
1463,head
1464,demand
1464,head
1465,demand
1465,head
1466,demand
1466,head
1467,demand
1467,head
1468,demand
1468,head
1469,demand
1469,head
1470,demand
1470,head
1471,demand
1471,head
1472,demand
1472,head
1473,demand
1473,head
1474,demand
1474,head
1475,demand
1475,head
1476,demand
1476,head
1477,demand
1477,head
1478,demand
1478,head
1479,demand
1479,head
1480,demand
1480,head
1481,demand
1481,head
1482,demand
1482,head
1483,demand
1483,head
1484,demand
1484,head
1485,demand
1485,head
1486,demand
1486,head
1487,demand
1487,head
1488,demand
1488,head
1489,demand
1489,head
1490,demand
1490,head
1491,demand
1491,head
1492,demand
1492,head
1493,demand
1493,head
1494,demand
1494,head
1495,demand
1495,head
1496,demand
1496,head
1497,demand
1497,head
1498,demand
1498,head
1499,demand
1499,head
1500,demand
1500,head
1501,demand
1501,head
1502,demand
1502,head
1503,demand
1503,head
1504,demand
1504,head
1505,demand
1505,head
1506,demand
1506,head
1507,demand
1507,head
1508,demand
1508,head
1509,demand
1509,head
1510,demand
1510,head
1511,demand
1511,head
1512,demand
1512,head
1513,demand
1513,head
1514,demand
1514,head
1515,demand
1515,head
1516,demand
1516,head
1517,demand
1517,head
1518,demand
1518,head
1519,demand
1519,head
1520,demand
1520,head
1521,demand
1521,head
1522,demand
1522,head
1523,demand
1523,head
1524,demand
1524,head
1525,demand
1525,head
1526,demand
1526,head
1527,demand
1527,head
1528,demand
1528,head
1529,demand
1529,head
1530,demand
1530,head
1531,demand
1531,head
1532,demand
1532,head
1533,demand
1533,head
1534,demand
1534,head
1535,demand
1535,head
1536,demand
1536,head
1537,demand
1537,head
1538,demand
1538,head
1539,demand
1539,head
1540,demand
1540,head
1541,demand
1541,head
1542,demand
1542,head
1543,demand
1543,head
1544,demand
1544,head
1545,demand
1545,head
1546,demand
1546,head
1547,demand
1547,head
1548,demand
1548,head
1549,demand
1549,head
1550,demand
1550,head
1551,demand
1551,head
1552,demand
1552,head
1553,demand
1553,head
1554,demand
1554,head
1555,demand
1555,head
1556,demand
1556,head
1557,demand
1557,head
1558,demand
1558,head
1559,demand
1559,head
1560,demand
1560,head
1561,demand
1561,head
1562,demand
1562,head
1563,demand
1563,head
1564,demand
1564,head
1565,demand
1565,head
1566,demand
1566,head
1567,demand
1567,head
1568,demand
1568,head
1569,demand
1569,head
1570,demand
1570,head
1571,demand
1571,head
1572,demand
1572,head
1573,demand
1573,head
1574,demand
1574,head
1575,demand
1575,head
1576,demand
1576,head
1577,demand
1577,head
1578,demand
1578,head
1579,demand
1579,head
1580,demand
1580,head
1581,demand
1581,head
1582,demand
1582,head
1583,demand
1583,head
1584,demand
1584,head
1585,demand
1585,head
1586,demand
1586,head
1587,demand
1587,head
1588,demand
1588,head
1589,demand
1589,head
1590,demand
1590,head
1591,demand
1591,head
1592,demand
1592,head
1593,demand
1593,head
1594,demand
1594,head
1595,demand
1595,head
1596,demand
1596,head
1597,demand
1597,head
1598,demand
1598,head
1599,demand
1599,head
1600,demand
1600,head
1601,demand
1601,head
1602,demand
1602,head
1603,demand
1603,head
1604,demand
1604,head
1605,demand
1605,head
1606,demand
1606,head
1607,demand
1607,head
1608,demand
1608,head
1609,demand
1609,head
1610,demand
1610,head
1611,demand
1611,head
1612,demand
1612,head
1613,demand
1613,head
1614,demand
1614,head
1615,demand
1615,head
1616,demand
1616,head
1617,demand
1617,head
1618,demand
1618,head
1619,demand
1619,head
1620,demand
1620,head
1621,demand
1621,head
1622,demand
1622,head
1623,demand
1623,head
1624,demand
1624,head
1625,demand
1625,head
1626,demand
1626,head
1627,demand
1627,head
1628,demand
1628,head
1629,demand
1629,head
1630,demand
1630,head
1631,demand
1631,head
1632,demand
1632,head
1633,demand
1633,head
1634,demand
1634,head
1635,demand
1635,head
1636,demand
1636,head
1637,demand
1637,head
1638,demand
1638,head
1639,demand
1639,head
1640,demand
1640,head
1641,demand
1641,head
1642,demand
1642,head
1643,demand
1643,head
1644,demand
1644,head
1646,demand
1646,head
1647,demand
1647,head
1648,demand
1648,head
1649,demand
1649,head
1650,demand
1650,head
1651,demand
1651,head
1652,demand
1652,head
1653,demand
1653,head
1654,demand
1654,head
1655,demand
1655,head
1656,demand
1656,head
1657,demand
1657,head
1658,demand
1658,head
1659,demand
1659,head
1660,demand
1660,head
1661,demand
1661,head
1662,demand
1662,head
1663,demand
1663,head
1664,demand
1664,head
1665,demand
1665,head
1666,demand
1666,head
1667,demand
1667,head
1668,demand
1668,head
1669,demand
1669,head
1670,demand
1670,head
1671,demand
1671,head
1672,demand
1672,head
1673,demand
1673,head
1674,demand
1674,head
1675,demand
1675,head
1676,demand
1676,head
1677,demand
1677,head
1678,demand
1678,head
1679,demand
1679,head
1680,demand
1680,head
1681,demand
1681,head
1682,demand
1682,head
1683,demand
1683,head
1684,demand
1684,head
1685,demand
1685,head
1686,demand
1686,head
1687,demand
1687,head
1688,demand
1688,head
1689,demand
1689,head
1690,demand
1690,head
1691,demand
1691,head
1692,demand
1692,head
1693,demand
1693,head
1694,demand
1694,head
1695,demand
1695,head
1696,demand
1696,head
1697,demand
1697,head
1698,demand
1698,head
1699,demand
1699,head
1700,demand
1700,head
1701,demand
1701,head
1702,demand
1702,head
1703,demand
1703,head
1704,demand
1704,head
1705,demand
1705,head
1706,demand
1706,head
1707,demand
1707,head
1708,demand
1708,head
1709,demand
1709,head
1710,demand
1710,head
1711,demand
1711,head
1712,demand
1712,head
1713,demand
1713,head
1714,demand
1714,head
1715,demand
1715,head
1716,demand
1716,head
1717,demand
1717,head
1718,demand
1718,head
1719,demand
1719,head
1720,demand
1720,head
1721,demand
1721,head
1722,demand
1722,head
1723,demand
1723,head
1724,demand
1724,head
1725,demand
1725,head
1726,demand
1726,head
1727,demand
1727,head
1728,demand
1728,head
1729,demand
1729,head
1730,demand
1730,head
1731,demand
1731,head
1732,demand
1732,head
1733,demand
1733,head
1734,demand
1734,head
1735,demand
1735,head
1736,demand
1736,head
1737,demand
1737,head
1738,demand
1738,head
1739,demand
1739,head
1740,demand
1740,head
1741,demand
1741,head
1742,demand
1742,head
1743,demand
1743,head
1744,demand
1744,head
1745,demand
1745,head
1746,demand
1746,head
1747,demand
1747,head
1748,demand
1748,head
1749,demand
1749,head
1750,demand
1750,head
1751,demand
1751,head
1752,demand
1752,head
1753,demand
1753,head
1754,demand
1754,head
1755,demand
1755,head
1756,demand
1756,head
1757,demand
1757,head
1758,demand
1758,head
1759,demand
1759,head
1760,demand
1760,head
1761,demand
1761,head
1762,demand
1762,head
1763,demand
1763,head
1764,demand
1764,head
1765,demand
1765,head
1766,demand
1766,head
1767,demand
1767,head
1768,demand
1768,head
1769,demand
1769,head
1770,demand
1770,head
1771,demand
1771,head
1772,demand
1772,head
1773,demand
1773,head
1774,demand
1774,head
1775,demand
1775,head
1776,demand
1776,head
1777,demand
1777,head
1778,demand
1778,head
1779,demand
1779,head
1780,demand
1780,head
1781,demand
1781,head
1782,demand
1782,head
1783,demand
1783,head
1784,demand
1784,head
1785,demand
1785,head
1786,demand
1786,head
1787,demand
1787,head
1788,demand
1788,head
1789,demand
1789,head
1791,demand
1791,head
1792,demand
1792,head
1793,demand
1793,head
1794,demand
1794,head
1795,demand
1795,head
1796,demand
1796,head
1797,demand
1797,head
1798,demand
1798,head
1799,demand
1799,head
1800,demand
1800,head
1801,demand
1801,head
1802,demand
1802,head
1803,demand
1803,head
1804,demand
1804,head
1805,demand
1805,head
1806,demand
1806,head
1807,demand
1807,head
1808,demand
1808,head
1809,demand
1809,head
1810,demand
1810,head
1811,demand
1811,head
1812,demand
1812,head
1814,demand
1814,head
1815,demand
1815,head
1816,demand
1816,head
1817,demand
1817,head
1818,demand
1818,head
1819,demand
1819,head
1820,demand
1820,head
1821,demand
1821,head
1822,demand
1822,head
1823,demand
1823,head
1824,demand
1824,head
1825,demand
1825,head
1826,demand
1826,head
1827,demand
1827,head
1828,demand
1828,head
1829,demand
1829,head
1830,demand
1830,head
1831,demand
1831,head
1832,demand
1832,head
1833,demand
1833,head
1834,demand
1834,head
1835,demand
1835,head
1836,demand
1836,head
1837,demand
1837,head
1838,demand
1838,head
1839,demand
1839,head
1840,demand
1840,head
1841,demand
1841,head
1842,demand
1842,head
1843,demand
1843,head
1844,demand
1844,head
1845,demand
1845,head
1846,demand
1846,head
1847,demand
1847,head
1848,demand
1848,head
1849,demand
1849,head
1850,demand
1850,head
1851,demand
1851,head
1852,demand
1852,head
1853,demand
1853,head
1854,demand
1854,head
1855,demand
1855,head
1856,demand
1856,head
1857,demand
1857,head
1858,demand
1858,head
1859,demand
1859,head
1860,demand
1860,head
1861,demand
1861,head
1862,demand
1862,head
1863,demand
1863,head
1864,demand
1864,head
1865,demand
1865,head
1866,demand
1866,head
1867,demand
1867,head
1868,demand
1868,head
1869,demand
1869,head
1870,demand
1870,head
1871,demand
1871,head
1872,demand
1872,head
1873,demand
1873,head
1874,demand
1874,head
1875,demand
1875,head
1876,demand
1876,head
1877,demand
1877,head
1878,demand
1878,head
1879,demand
1879,head
1880,demand
1880,head
1881,demand
1881,head
1882,demand
1882,head
1883,demand
1883,head
1884,demand
1884,head
1885,demand
1885,head
1886,demand
1886,head
1887,demand
1887,head
1888,demand
1888,head
1889,demand
1889,head
1890,demand
1890,head
1891,demand
1891,head
1892,demand
1892,head
1893,demand
1893,head
1894,demand
1894,head
1895,demand
1895,head
1896,demand
1896,head
1897,demand
1897,head
1898,demand
1898,head
1899,demand
1899,head
1900,demand
1900,head
1901,demand
1901,head
1902,demand
1902,head
1903,demand
1903,head
1904,demand
1904,head
1905,demand
1905,head
1906,demand
1906,head
1907,demand
1907,head
1908,demand
1908,head
1909,demand
1909,head
1910,demand
1910,head
1911,demand
1911,head
1912,demand
1912,head
1913,demand
1913,head
1914,demand
1914,head
1915,demand
1915,head
1916,demand
1916,head
1917,demand
1917,head
1918,demand
1918,head
1919,demand
1919,head
1920,demand
1920,head
1921,demand
1921,head
1922,demand
1922,head
1923,demand
1923,head
1924,demand
1924,head
1925,demand
1925,head
1926,demand
1926,head
1927,demand
1927,head
1928,demand
1928,head
1929,demand
1929,head
1930,demand
1930,head
1931,demand
1931,head
1932,demand
1932,head
1933,demand
1933,head
1934,demand
1934,head
1935,demand
1935,head
1936,demand
1936,head
1937,demand
1937,head
1938,demand
1938,head
1939,demand
1939,head
1940,demand
1940,head
1941,demand
1941,head
1942,demand
1942,head
1943,demand
1943,head
1944,demand
1944,head
1945,demand
1945,head
1946,demand
1946,head
1947,demand
1947,head
1948,demand
1948,head
1949,demand
1949,head
1950,demand
1950,head
1951,demand
1951,head
1952,demand
1952,head
1953,demand
1953,head
1954,demand
1954,head
1955,demand
1955,head
1956,demand
1956,head
1957,demand
1957,head
1958,demand
1958,head
1959,demand
1959,head
1960,demand
1960,head
1961,demand
1961,head
1962,demand
1962,head
1963,demand
1963,head
1964,demand
1964,head
1965,demand
1965,head
1966,demand
1966,head
1967,demand
1967,head
1968,demand
1968,head
1969,demand
1969,head
1970,demand
1970,head
1971,demand
1971,head
1972,demand
1972,head
1973,demand
1973,head
1974,demand
1974,head
1975,demand
1975,head
1976,demand
1976,head
1977,demand
1977,head
1978,demand
1978,head
1979,demand
1979,head
1980,demand
1980,head
1981,demand
1981,head
1982,demand
1982,head
1983,demand
1983,head
1984,demand
1984,head
1985,demand
1985,head
1986,demand
1986,head
1987,demand
1987,head
1988,demand
1988,head
1989,demand
1989,head
1990,demand
1990,head
1991,demand
1991,head
1992,demand
1992,head
1993,demand
1993,head
1994,demand
1994,head
1995,demand
1995,head
1996,demand
1996,head
1997,demand
1997,head
1998,demand
1998,head
1999,demand
1999,head
2000,demand
2000,head
2001,demand
2001,head
2002,demand
2002,head
2003,demand
2003,head
2004,demand
2004,head
2005,demand
2005,head
2006,demand
2006,head
2007,demand
2007,head
2008,demand
2008,head
2009,demand
2009,head
2010,demand
2010,head
2011,demand
2011,head
2012,demand
2012,head
2013,demand
2013,head
2014,demand
2014,head
2015,demand
2015,head
2016,demand
2016,head
2017,demand
2017,head
2018,demand
2018,head
2019,demand
2019,head
2020,demand
2020,head
2021,demand
2021,head
2022,demand
2022,head
2023,demand
2023,head
2024,demand
2024,head
2025,demand
2025,head
2026,demand
2026,head
2027,demand
2027,head
2028,demand
2028,head
2029,demand
2029,head
2030,demand
2030,head
2031,demand
2031,head
2032,demand
2032,head
2033,demand
2033,head
2034,demand
2034,head
2035,demand
2035,head
2036,demand
2036,head
2037,demand
2037,head
2038,demand
2038,head
2039,demand
2039,head
2040,demand
2040,head
2041,demand
2041,head
2042,demand
2042,head
2043,demand
2043,head
2044,demand
2044,head
2045,demand
2045,head
2046,demand
2046,head
2047,demand
2047,head
2048,demand
2048,head
2049,demand
2049,head
2050,demand
2050,head
2051,demand
2051,head
2052,demand
2052,head
2053,demand
2053,head
2054,demand
2054,head
2055,demand
2055,head
2056,demand
2056,head
2057,demand
2057,head
2058,demand
2058,head
2059,demand
2059,head
2060,demand
2060,head
2061,demand
2061,head
2062,demand
2062,head
2063,demand
2063,head
2064,demand
2064,head
2065,demand
2065,head
2066,demand
2066,head
2067,demand
2067,head
2068,demand
2068,head
2069,demand
2069,head
2070,demand
2070,head
2071,demand
2071,head
2072,demand
2072,head
2073,demand
2073,head
2074,demand
2074,head
2075,demand
2075,head
2076,demand
2076,head
2077,demand
2077,head
2078,demand
2078,head
2079,demand
2079,head
2080,demand
2080,head
2081,demand
2081,head
2082,demand
2082,head
2083,demand
2083,head
2084,demand
2084,head
2085,demand
2085,head
2086,demand
2086,head
2087,demand
2087,head
2088,demand
2088,head
2089,demand
2089,head
2090,demand
2090,head
2091,demand
2091,head
2092,demand
2092,head
2093,demand
2093,head
2094,demand
2094,head
2095,demand
2095,head
2096,demand
2096,head
2097,demand
2097,head
2098,demand
2098,head
2099,demand
2099,head
2100,demand
2100,head
2101,demand
2101,head
2102,demand
2102,head
2103,demand
2103,head
2104,demand
2104,head
2105,demand
2105,head
2106,demand
2106,head
2107,demand
2107,head
2108,demand
2108,head
2109,demand
2109,head
2110,demand
2110,head
2111,demand
2111,head
2112,demand
2112,head
2113,demand
2113,head
2114,demand
2114,head
2115,demand
2115,head
2116,demand
2116,head
2117,demand
2117,head
2118,demand
2118,head
2119,demand
2119,head
2120,demand
2120,head
2121,demand
2121,head
2122,demand
2122,head
2123,demand
2123,head
2124,demand
2124,head
2125,demand
2125,head
2126,demand
2126,head
2127,demand
2127,head
2128,demand
2128,head
2129,demand
2129,head
2130,demand
2130,head
2131,demand
2131,head
2132,demand
2132,head
2133,demand
2133,head
2134,demand
2134,head
2135,demand
2135,head
2136,demand
2136,head
2137,demand
2137,head
2138,demand
2138,head
2139,demand
2139,head
2140,demand
2140,head
2141,demand
2141,head
2142,demand
2142,head
2143,demand
2143,head
2144,demand
2144,head
2145,demand
2145,head
2146,demand
2146,head
2147,demand
2147,head
2148,demand
2148,head
2149,demand
2149,head
2150,demand
2150,head
2151,demand
2151,head
2152,demand
2152,head
2153,demand
2153,head
2154,demand
2154,head
2155,demand
2155,head
2156,demand
2156,head
2157,demand
2157,head
2158,demand
2158,head
2159,demand
2159,head
2160,demand
2160,head
2161,demand
2161,head
2162,demand
2162,head
2163,demand
2163,head
2164,demand
2164,head
2165,demand
2165,head
2166,demand
2166,head
2167,demand
2167,head
2168,demand
2168,head
2169,demand
2169,head
2170,demand
2170,head
2171,demand
2171,head
2172,demand
2172,head
2173,demand
2173,head
2174,demand
2174,head
2175,demand
2175,head
2176,demand
2176,head
2177,demand
2177,head
2178,demand
2178,head
2179,demand
2179,head
2180,demand
2180,head
2181,demand
2181,head
2182,demand
2182,head
2183,demand
2183,head
2184,demand
2184,head
2185,demand
2185,head
2186,demand
2186,head
2187,demand
2187,head
2188,demand
2188,head
2189,demand
2189,head
2190,demand
2190,head
2191,demand
2191,head
2192,demand
2192,head
2193,demand
2193,head
2194,demand
2194,head
2195,demand
2195,head
2196,demand
2196,head
2197,demand
2197,head
2198,demand
2198,head
2199,demand
2199,head
2200,demand
2200,head
2201,demand
2201,head
2202,demand
2202,head
2203,demand
2203,head
2204,demand
2204,head
2205,demand
2205,head
2206,demand
2206,head
2207,demand
2207,head
2208,demand
2208,head
2209,demand
2209,head
2210,demand
2210,head
2211,demand
2211,head
2212,demand
2212,head
2213,demand
2213,head
2214,demand
2214,head
2215,demand
2215,head
2216,demand
2216,head
2217,demand
2217,head
2218,demand
2218,head
2219,demand
2219,head
2220,demand
2220,head
2221,demand
2221,head
2222,demand
2222,head
2223,demand
2223,head
2224,demand
2224,head
2225,demand
2225,head
2226,demand
2226,head
2227,demand
2227,head
2228,demand
2228,head
2229,demand
2229,head
2230,demand
2230,head
2231,demand
2231,head
2232,demand
2232,head
2233,demand
2233,head
2234,demand
2234,head
2235,demand
2235,head
2236,demand
2236,head
2237,demand
2237,head
2238,demand
2238,head
2239,demand
2239,head
2240,demand
2240,head
2241,demand
2241,head
2242,demand
2242,head
2243,demand
2243,head
2244,demand
2244,head
2245,demand
2245,head
2246,demand
2246,head
2247,demand
2247,head
2248,demand
2248,head
2249,demand
2249,head
2250,demand
2250,head
2251,demand
2251,head
2252,demand
2252,head
2253,demand
2253,head
2254,demand
2254,head
2255,demand
2255,head
2256,demand
2256,head
2257,demand
2257,head
2258,demand
2258,head
2259,demand
2259,head
2260,demand
2260,head
2261,demand
2261,head
2262,demand
2262,head
2263,demand
2263,head
2264,demand
2264,head
2265,demand
2265,head
2266,demand
2266,head
2267,demand
2267,head
2268,demand
2268,head
2269,demand
2269,head
2270,demand
2270,head
2271,demand
2271,head
2272,demand
2272,head
2273,demand
2273,head
2274,demand
2274,head
2275,demand
2275,head
2276,demand
2276,head
2277,demand
2277,head
2278,demand
2278,head
2279,demand
2279,head
2280,demand
2280,head
2281,demand
2281,head
2282,demand
2282,head
2283,demand
2283,head
2284,demand
2284,head
2285,demand
2285,head
2286,demand
2286,head
2287,demand
2287,head
2288,demand
2288,head
2289,demand
2289,head
2290,demand
2290,head
2291,demand
2291,head
2292,demand
2292,head
2293,demand
2293,head
2294,demand
2294,head
2295,demand
2295,head
2296,demand
2296,head
2297,demand
2297,head
2298,demand
2298,head
2299,demand
2299,head
2300,demand
2300,head
2301,demand
2301,head
2302,demand
2302,head
2303,demand
2303,head
2304,demand
2304,head
2305,demand
2305,head
2306,demand
2306,head
2307,demand
2307,head
2308,demand
2308,head
2309,demand
2309,head
2310,demand
2310,head
2311,demand
2311,head
2312,demand
2312,head
2313,demand
2313,head
2314,demand
2314,head
2315,demand
2315,head
2316,demand
2316,head
2317,demand
2317,head
2318,demand
2318,head
2319,demand
2319,head
2320,demand
2320,head
2321,demand
2321,head
2322,demand
2322,head
2323,demand
2323,head
2324,demand
2324,head
2325,demand
2325,head
2326,demand
2326,head
2327,demand
2327,head
2328,demand
2328,head
2329,demand
2329,head
2330,demand
2330,head
2331,demand
2331,head
2332,demand
2332,head
2334,demand
2334,head
2335,demand
2335,head
2336,demand
2336,head
2337,demand
2337,head
2338,demand
2338,head
2339,demand
2339,head
2340,demand
2340,head
2341,demand
2341,head
2342,demand
2342,head
2343,demand
2343,head
2344,demand
2344,head
2345,demand
2345,head
2346,demand
2346,head
2347,demand
2347,head
2348,demand
2348,head
2349,demand
2349,head
2350,demand
2350,head
2351,demand
2351,head
2352,demand
2352,head
2353,demand
2353,head
2354,demand
2354,head
2355,demand
2355,head
2356,demand
2356,head
2357,demand
2357,head
2358,demand
2358,head
2359,demand
2359,head
2360,demand
2360,head
2361,demand
2361,head
2362,demand
2362,head
2363,demand
2363,head
2364,demand
2364,head
2365,demand
2365,head
2366,demand
2366,head
2367,demand
2367,head
2368,demand
2368,head
2369,demand
2369,head
2370,demand
2370,head
2371,demand
2371,head
2372,demand
2372,head
2373,demand
2373,head
2374,demand
2374,head
2375,demand
2375,head
2376,demand
2376,head
2377,demand
2377,head
2378,demand
2378,head
2379,demand
2379,head
2380,demand
2380,head
2381,demand
2381,head
2382,demand
2382,head
2383,demand
2383,head
2384,demand
2384,head
2385,demand
2385,head
2386,demand
2386,head
2387,demand
2387,head
2388,demand
2388,head
2389,demand
2389,head
2390,demand
2390,head
2391,demand
2391,head
2392,demand
2392,head
2393,demand
2393,head
2394,demand
2394,head
2395,demand
2395,head
2396,demand
2396,head
2397,demand
2397,head
2398,demand
2398,head
2399,demand
2399,head
2400,demand
2400,head
2401,demand
2401,head
2402,demand
2402,head
2403,demand
2403,head
2404,demand
2404,head
2405,demand
2405,head
2406,demand
2406,head
2407,demand
2407,head
2408,demand
2408,head
2409,demand
2409,head
2410,demand
2410,head
2411,demand
2411,head
2412,demand
2412,head
2413,demand
2413,head
2414,demand
2414,head
2415,demand
2415,head
2416,demand
2416,head
2417,demand
2417,head
2418,demand
2418,head
2419,demand
2419,head
2420,demand
2420,head
2421,demand
2421,head
2422,demand
2422,head
2423,demand
2423,head
2424,demand
2424,head
2425,demand
2425,head
2426,demand
2426,head
2427,demand
2427,head
2428,demand
2428,head
2429,demand
2429,head
2430,demand
2430,head
2431,demand
2431,head
2432,demand
2432,head
2433,demand
2433,head
2434,demand
2434,head
2435,demand
2435,head
2436,demand
2436,head
2437,demand
2437,head
2438,demand
2438,head
2439,demand
2439,head
2440,demand
2440,head
2441,demand
2441,head
2442,demand
2442,head
2443,demand
2443,head
2444,demand
2444,head
2445,demand
2445,head
2446,demand
2446,head
2447,demand
2447,head
2448,demand
2448,head
2449,demand
2449,head
2450,demand
2450,head
2451,demand
2451,head
2452,demand
2452,head
2453,demand
2453,head
2454,demand
2454,head
2455,demand
2455,head
2456,demand
2456,head
2457,demand
2457,head
2458,demand
2458,head
2459,demand
2459,head
2460,demand
2460,head
2461,demand
2461,head
2462,demand
2462,head
2463,demand
2463,head
2464,demand
2464,head
2465,demand
2465,head
2466,demand
2466,head
2467,demand
2467,head
2468,demand
2468,head
2469,demand
2469,head
2470,demand
2470,head
2471,demand
2471,head
2472,demand
2472,head
2473,demand
2473,head
2474,demand
2474,head
2475,demand
2475,head
2476,demand
2476,head
2477,demand
2477,head
2478,demand
2478,head
2479,demand
2479,head
2480,demand
2480,head
2481,demand
2481,head
2482,demand
2482,head
2483,demand
2483,head
2484,demand
2484,head
2485,demand
2485,head
2486,demand
2486,head
2487,demand
2487,head
2488,demand
2488,head
2489,demand
2489,head
2490,demand
2490,head
2491,demand
2491,head
2492,demand
2492,head
2493,demand
2493,head
2494,demand
2494,head
2495,demand
2495,head
2496,demand
2496,head
2497,demand
2497,head
2498,demand
2498,head
2499,demand
2499,head
2500,demand
2500,head
2501,demand
2501,head
2502,demand
2502,head
2503,demand
2503,head
2504,demand
2504,head
2505,demand
2505,head
2506,demand
2506,head
2507,demand
2507,head
2508,demand
2508,head
2509,demand
2509,head
2510,demand
2510,head
2511,demand
2511,head
2512,demand
2512,head
2513,demand
2513,head
2514,demand
2514,head
2515,demand
2515,head
2516,demand
2516,head
2517,demand
2517,head
2518,demand
2518,head
2519,demand
2519,head
2520,demand
2520,head
2521,demand
2521,head
2522,demand
2522,head
2523,demand
2523,head
2524,demand
2524,head
2525,demand
2525,head
2526,demand
2526,head
2527,demand
2527,head
2528,demand
2528,head
2529,demand
2529,head
2530,demand
2530,head
2531,demand
2531,head
2532,demand
2532,head
2533,demand
2533,head
2534,demand
2534,head
2535,demand
2535,head
2536,demand
2536,head
2537,demand
2537,head
2538,demand
2538,head
2539,demand
2539,head
2540,demand
2540,head
2541,demand
2541,head
2542,demand
2542,head
2543,demand
2543,head
2544,demand
2544,head
2545,demand
2545,head
2546,demand
2546,head
2547,demand
2547,head
2548,demand
2548,head
2549,demand
2549,head
2550,demand
2550,head
2551,demand
2551,head
2552,demand
2552,head
2553,demand
2553,head
2554,demand
2554,head
2555,demand
2555,head
2556,demand
2556,head
2557,demand
2557,head
2558,demand
2558,head
2559,demand
2559,head
2560,demand
2560,head
2561,demand
2561,head
2562,demand
2562,head
2563,demand
2563,head
2564,demand
2564,head
2565,demand
2565,head
2566,demand
2566,head
2567,demand
2567,head
2568,demand
2568,head
2569,demand
2569,head
2570,demand
2570,head
2571,demand
2571,head
2572,demand
2572,head
2573,demand
2573,head
2574,demand
2574,head
2575,demand
2575,head
2576,demand
2576,head
2577,demand
2577,head
2578,demand
2578,head
2579,demand
2579,head
2580,demand
2580,head
2581,demand
2581,head
2582,demand
2582,head
2583,demand
2583,head
2584,demand
2584,head
2585,demand
2585,head
2586,demand
2586,head
2587,demand
2587,head
2588,demand
2588,head
2589,demand
2589,head
2590,demand
2590,head
2591,demand
2591,head
2592,demand
2592,head
2593,demand
2593,head
2594,demand
2594,head
2595,demand
2595,head
2596,demand
2596,head
2597,demand
2597,head
2598,demand
2598,head
2599,demand
2599,head
2600,demand
2600,head
2601,demand
2601,head
2602,demand
2602,head
2603,demand
2603,head
2604,demand
2604,head
2605,demand
2605,head
2606,demand
2606,head
2607,demand
2607,head
2608,demand
2608,head
2609,demand
2609,head
2610,demand
2610,head
2611,demand
2611,head
2612,demand
2612,head
2613,demand
2613,head
2614,demand
2614,head
2615,demand
2615,head
2616,demand
2616,head
2617,demand
2617,head
2618,demand
2618,head
2619,demand
2619,head
2620,demand
2620,head
2621,demand
2621,head
2622,demand
2622,head
2623,demand
2623,head
2624,demand
2624,head
2625,demand
2625,head
2626,demand
2626,head
2627,demand
2627,head
2628,demand
2628,head
2629,demand
2629,head
2630,demand
2630,head
2631,demand
2631,head
2632,demand
2632,head
2633,demand
2633,head
2634,demand
2634,head
2635,demand
2635,head
2636,demand
2636,head
2637,demand
2637,head
2638,demand
2638,head
2639,demand
2639,head
2640,demand
2640,head
2641,demand
2641,head
2642,demand
2642,head
2643,demand
2643,head
2644,demand
2644,head
2645,demand
2645,head
2646,demand
2646,head
2647,demand
2647,head
2648,demand
2648,head
2649,demand
2649,head
2650,demand
2650,head
2651,demand
2651,head
2652,demand
2652,head
2653,demand
2653,head
2654,demand
2654,head
2655,demand
2655,head
2656,demand
2656,head
2657,demand
2657,head
2658,demand
2658,head
2659,demand
2659,head
2660,demand
2660,head
2661,demand
2661,head
2662,demand
2662,head
2663,demand
2663,head
2664,demand
2664,head
2665,demand
2665,head
2666,demand
2666,head
2667,demand
2667,head
2668,demand
2668,head
2669,demand
2669,head
2670,demand
2670,head
2671,demand
2671,head
2672,demand
2672,head
2673,demand
2673,head
2674,demand
2674,head
2675,demand
2675,head
2676,demand
2676,head
2677,demand
2677,head
2678,demand
2678,head
2679,demand
2679,head
2680,demand
2680,head
2681,demand
2681,head
2682,demand
2682,head
2683,demand
2683,head
2684,demand
2684,head
2685,demand
2685,head
2686,demand
2686,head
2687,demand
2687,head
2688,demand
2688,head
2689,demand
2689,head
2690,demand
2690,head
2691,demand
2691,head
2692,demand
2692,head
2693,demand
2693,head
2694,demand
2694,head
2695,demand
2695,head
2696,demand
2696,head
2697,demand
2697,head
2698,demand
2698,head
2699,demand
2699,head
2700,demand
2700,head
2701,demand
2701,head
2702,demand
2702,head
2703,demand
2703,head
2704,demand
2704,head
2705,demand
2705,head
2706,demand
2706,head
2707,demand
2707,head
2708,demand
2708,head
2709,demand
2709,head
2710,demand
2710,head
2711,demand
2711,head
2712,demand
2712,head
2713,demand
2713,head
2714,demand
2714,head
2715,demand
2715,head
2716,demand
2716,head
2717,demand
2717,head
2718,demand
2718,head
2719,demand
2719,head
2720,demand
2720,head
2721,demand
2721,head
2722,demand
2722,head
2723,demand
2723,head
2724,demand
2724,head
2725,demand
2725,head
2726,demand
2726,head
2727,demand
2727,head
2728,demand
2728,head
2729,demand
2729,head
2730,demand
2730,head
2731,demand
2731,head
2732,demand
2732,head
2733,demand
2733,head
2734,demand
2734,head
2735,demand
2735,head
2736,demand
2736,head
2737,demand
2737,head
2738,demand
2738,head
2739,demand
2739,head
2740,demand
2740,head
2741,demand
2741,head
2742,demand
2742,head
2743,demand
2743,head
2744,demand
2744,head
2745,demand
2745,head
2746,demand
2746,head
2747,demand
2747,head
2748,demand
2748,head
2749,demand
2749,head
2750,demand
2750,head
2751,demand
2751,head
2752,demand
2752,head
2753,demand
2753,head
2754,demand
2754,head
2755,demand
2755,head
2756,demand
2756,head
2757,demand
2757,head
2758,demand
2758,head
2759,demand
2759,head
2760,demand
2760,head
2761,demand
2761,head
2762,demand
2762,head
2763,demand
2763,head
2764,demand
2764,head
2765,demand
2765,head
2766,demand
2766,head
2767,demand
2767,head
2768,demand
2768,head
2769,demand
2769,head
2770,demand
2770,head
2771,demand
2771,head
2772,demand
2772,head
2773,demand
2773,head
2774,demand
2774,head
2775,demand
2775,head
2776,demand
2776,head
2777,demand
2777,head
2778,demand
2778,head
2779,demand
2779,head
2780,demand
2780,head
2781,demand
2781,head
2782,demand
2782,head
2783,demand
2783,head
2784,demand
2784,head
2785,demand
2785,head
2786,demand
2786,head
2787,demand
2787,head
2788,demand
2788,head
2789,demand
2789,head
2790,demand
2790,head
2791,demand
2791,head
2792,demand
2792,head
2793,demand
2793,head
2794,demand
2794,head
2795,demand
2795,head
2796,demand
2796,head
2797,demand
2797,head
2798,demand
2798,head
2799,demand
2799,head
2800,demand
2800,head
2801,demand
2801,head
2802,demand
2802,head
2803,demand
2803,head
2804,demand
2804,head
2805,demand
2805,head
2806,demand
2806,head
2807,demand
2807,head
2808,demand
2808,head
2809,demand
2809,head
2810,demand
2810,head
2811,demand
2811,head
2812,demand
2812,head
2813,demand
2813,head
2814,demand
2814,head
2815,demand
2815,head
2816,demand
2816,head
2817,demand
2817,head
2818,demand
2818,head
2819,demand
2819,head
2820,demand
2820,head
2821,demand
2821,head
2822,demand
2822,head
2823,demand
2823,head
2824,demand
2824,head
2825,demand
2825,head
2826,demand
2826,head
2827,demand
2827,head
2828,demand
2828,head
2829,demand
2829,head
2830,demand
2830,head
2831,demand
2831,head
2832,demand
2832,head
2833,demand
2833,head
2834,demand
2834,head
2835,demand
2835,head
2836,demand
2836,head
2837,demand
2837,head
2838,demand
2838,head
2839,demand
2839,head
2840,demand
2840,head
2841,demand
2841,head
2842,demand
2842,head
2843,demand
2843,head
2844,demand
2844,head
2845,demand
2845,head
2846,demand
2846,head
2847,demand
2847,head
2848,demand
2848,head
2849,demand
2849,head
2850,demand
2850,head
2851,demand
2851,head
2852,demand
2852,head
2853,demand
2853,head
2854,demand
2854,head
2855,demand
2855,head
2856,demand
2856,head
2857,demand
2857,head
2858,demand
2858,head
2859,demand
2859,head
2860,demand
2860,head
2861,demand
2861,head
2862,demand
2862,head
2863,demand
2863,head
2864,demand
2864,head
2865,demand
2865,head
2866,demand
2866,head
2867,demand
2867,head
2868,demand
2868,head
2869,demand
2869,head
2870,demand
2870,head
2871,demand
2871,head
2872,demand
2872,head
2873,demand
2873,head
2874,demand
2874,head
2875,demand
2875,head
2876,demand
2876,head
2877,demand
2877,head
2878,demand
2878,head
2879,demand
2879,head
2880,demand
2880,head
2881,demand
2881,head
2882,demand
2882,head
2883,demand
2883,head
2884,demand
2884,head
2885,demand
2885,head
2886,demand
2886,head
2887,demand
2887,head
2888,demand
2888,head
2889,demand
2889,head
2890,demand
2890,head
2891,demand
2891,head
2892,demand
2892,head
2893,demand
2893,head
2894,demand
2894,head
2895,demand
2895,head
2896,demand
2896,head
2897,demand
2897,head
2898,demand
2898,head
2899,demand
2899,head
2900,demand
2900,head
2901,demand
2901,head
2902,demand
2902,head
2903,demand
2903,head
2904,demand
2904,head
2905,demand
2905,head
2906,demand
2906,head
2907,demand
2907,head
2908,demand
2908,head
2909,demand
2909,head
2910,demand
2910,head
2911,demand
2911,head
2912,demand
2912,head
2913,demand
2913,head
2914,demand
2914,head
2915,demand
2915,head
2916,demand
2916,head
2917,demand
2917,head
2918,demand
2918,head
2919,demand
2919,head
2920,demand
2920,head
2921,demand
2921,head
2922,demand
2922,head
2923,demand
2923,head
2924,demand
2924,head
2925,demand
2925,head
2926,demand
2926,head
2927,demand
2927,head
2928,demand
2928,head
2929,demand
2929,head
2930,demand
2930,head
2931,demand
2931,head
2932,demand
2932,head
2933,demand
2933,head
2934,demand
2934,head
2935,demand
2935,head
2936,demand
2936,head
2937,demand
2937,head
2938,demand
2938,head
2939,demand
2939,head
2940,demand
2940,head
2941,demand
2941,head
2942,demand
2942,head
2943,demand
2943,head
2944,demand
2944,head
2945,demand
2945,head
2946,demand
2946,head
2947,demand
2947,head
2948,demand
2948,head
2949,demand
2949,head
2950,demand
2950,head
2951,demand
2951,head
2952,demand
2952,head
2953,demand
2953,head
2954,demand
2954,head
2955,demand
2955,head
2956,demand
2956,head
2957,demand
2957,head
2958,demand
2958,head
2959,demand
2959,head
2960,demand
2960,head
2961,demand
2961,head
2962,demand
2962,head
2963,demand
2963,head
2964,demand
2964,head
2965,demand
2965,head
2966,demand
2966,head
2967,demand
2967,head
2968,demand
2968,head
2969,demand
2969,head
2970,demand
2970,head
2971,demand
2971,head
2972,demand
2972,head
2973,demand
2973,head
2974,demand
2974,head
2976,demand
2976,head
2977,demand
2977,head
2978,demand
2978,head
2979,demand
2979,head
2980,demand
2980,head
2981,demand
2981,head
2982,demand
2982,head
2983,demand
2983,head
2984,demand
2984,head
2985,demand
2985,head
2986,demand
2986,head
2987,demand
2987,head
2988,demand
2988,head
2989,demand
2989,head
2990,demand
2990,head
2991,demand
2991,head
2992,demand
2992,head
2993,demand
2993,head
2994,demand
2994,head
2995,demand
2995,head
2996,demand
2996,head
2997,demand
2997,head
2998,demand
2998,head
2999,demand
2999,head
3000,demand
3000,head
3001,demand
3001,head
3002,demand
3002,head
3003,demand
3003,head
3004,demand
3004,head
3005,demand
3005,head
3006,demand
3006,head
3007,demand
3007,head
3008,demand
3008,head
3009,demand
3009,head
